waltdisneyworld,makeupjunkie,magickingdom,makeupaddict,mirandasmakeupmadness,puertorico,younique,disney,disneyworld,neverstopexploring,disneyparade,gopro,youniqueproducts,betheadventure,runnm
igers,follow,instadailyvscocaminstagood,photooftheday,bestoftheday,picoftheday,followme,vsco,igdaily,iphoneonly,instamood,me,tweegram
igers,igdaily,pdx,instamood,nofilter,picoftheday,iphonesia,vscocam,instagood,potd,iphoneography,lifeshit,webstagram,htcone,android
boho,bohemian,gypsy,hippie,indie,nomad,bohochic,freespirit,jewelry,freepeople,jewellery,bohostyle,namaste,handcrafted,jewelrydesigner
vizsla,giselebundchen,tattoo,tattooflash,losangeles,tattoos,tattoodesign,onlyblackart,tattooartist,themayor,neworleans,enjoysweden,gloryofsweden,tattooed,nola
instabcn,networking,instalook,igersbcn,bcn,instafamily,barcelona,tagsforlikes,lifestyle,enjoy,teamwork,instagood,marketbcn,smile,week
vegan,rawvegan,morningdevotion,vegansofig,organic,naturephoto,naturephotography,monsterlife,houston,instagramers,monsterpixs,whatveganseat,rp,raw,photooftheday
autismawareness,autism,asd,autismspectrumdisorder,puzzld,awetism,acceptdifferent,autismspeaks,ilovesomeonewithautism,bluepuzzle,itstimetolisten,puzzlepieces,autismrocks,autismontario,autismlove
girlswithpiercings,bbw,septumpiercing,curves,girlswithdreads,girlswholovebeards,septumgang,curvygirlsdoitbetter,iwokeuplikethis,curvee,nikeplus,flor,curvyandsexy,eyebrowsonpoint,dreads
love,tbt,foodporn,selfie,morningcoffee,happy,cute,nofilter,unpredictyourjourney,fotododia,lol,morningcoffeetees,puppy,mutimiteszel,unpredictyourwednesday
russia_ww,gf_russia,wu_russia,webstagram,gang_family,instago,россия,рф,russia,tagstagram,gf_daily,instadaily,instamood,ig_nesia,instagramhub
japanese,japan,bmxlife,bmx,umasimplescaptura,fotografia,instaday,modaandthemar,igersreims,osaka,nikond3200,nikon倶楽部,natureza,一眼レフ,photos
fashion,tagsforlikes,style,girl,instagood,friends,photooftheday,love,fun,girls,amazing,me,food,happy,outfit
mehrsam,all_pictures,all_shots,ig_usa,norcal,california,all_images,persian,nicepics,mönchengladbach,ig_india,follow,instagood,nicepic,india
nature,sky,architecture,landscape,ipswichqld,clouds,sunset,italy,sun,art,macro,trees,light,drawing,summer
like4like,follower,followme,likeme,forllow4follow,instalike,like,instanails,freedom,instafollow,follow,followforfollow,live,lovely,likemypics
ricardocintra,weddingphotographer,casamento,wedding,noiva,fotografiadecasamento,weddingday,casamentodeluxo,vestido,casamentonocampo,weddingbride,india,decoracao,bride,foryou
fitfam,eb30x,teameb30x,maxeffort,gymlife,fitness,determination,noexuses,diet,hwpo,endurance,supertrainer,losingweight,bellyfat,tndo
carlgilbert,bethebest,lovedones,beallyoucanbe,lifechanger,lifequote,iamwhoiam,iamme,dontjudge,beoriginal,motivational,myworld,inspiring,dontjudgeme,beyourself
canon,flynnlawson,nebraska,mars,gay,nebraskagram,herpetology,herp,herps,pets,omaha,instamood,instagay,exotic,people